,kev,events_per_day
0,0.0,0.1
1,0.01001001001001001,0.0998998998998999
2,0.02002002002002002,0.0997997997997998
3,0.03003003003003003,0.0996996996996997
4,0.04004004004004004,0.0995995995995996
5,0.050050050050050046,0.0994994994994995
6,0.06006006006006006,0.0993993993993994
7,0.07007007007007007,0.09929929929929932
8,0.08008008008008008,0.0991991991991992
9,0.09009009009009009,0.0990990990990991
10,0.10010010010010009,0.098998998998999
11,0.11011011011011011,0.09889889889889891
12,0.12012012012012012,0.09879879879879881
13,0.13013013013013014,0.0986986986986987
14,0.14014014014014015,0.0985985985985986
15,0.15015015015015015,0.09849849849849851
16,0.16016016016016016,0.09839839839839841
17,0.17017017017017017,0.09829829829829831
18,0.18018018018018017,0.0981981981981982
19,0.19019019019019018,0.09809809809809811
20,0.20020020020020018,0.09799799799799801
21,0.21021021021021022,0.0978978978978979
22,0.22022022022022023,0.0977977977977978
23,0.23023023023023023,0.0976976976976977
24,0.24024024024024024,0.0975975975975976
25,0.2502502502502503,0.0974974974974975
26,0.2602602602602603,0.0973973973973974
27,0.2702702702702703,0.0972972972972973
28,0.2802802802802803,0.0971971971971972
29,0.2902902902902903,0.0970970970970971
30,0.3003003003003003,0.096996996996997
31,0.3103103103103103,0.0968968968968969
32,0.3203203203203203,0.09679679679679681
33,0.3303303303303303,0.0966966966966967
34,0.34034034034034033,0.0965965965965966
35,0.35035035035035034,0.0964964964964965
36,0.36036036036036034,0.09639639639639641
37,0.37037037037037035,0.09629629629629631
38,0.38038038038038036,0.0961961961961962
39,0.39039039039039036,0.0960960960960961
40,0.40040040040040037,0.09599599599599601
41,0.41041041041041043,0.09589589589589591
42,0.42042042042042044,0.0957957957957958
43,0.43043043043043044,0.09569569569569569
44,0.44044044044044045,0.0955955955955956
45,0.45045045045045046,0.0954954954954955
46,0.46046046046046046,0.0953953953953954
47,0.47047047047047047,0.09529529529529529
48,0.4804804804804805,0.0951951951951952
49,0.4904904904904905,0.0950950950950951
50,0.5005005005005005,0.094994994994995
51,0.5105105105105106,0.0948948948948949
52,0.5205205205205206,0.0947947947947948
53,0.5305305305305306,0.0946946946946947
54,0.5405405405405406,0.0945945945945946
55,0.5505505505505506,0.0944944944944945
56,0.5605605605605606,0.0943943943943944
57,0.5705705705705706,0.0942942942942943
58,0.5805805805805806,0.0941941941941942
59,0.5905905905905906,0.0940940940940941
60,0.6006006006006006,0.093993993993994
61,0.6106106106106106,0.09389389389389391
62,0.6206206206206206,0.0937937937937938
63,0.6306306306306306,0.0936936936936937
64,0.6406406406406406,0.0935935935935936
65,0.6506506506506506,0.0934934934934935
66,0.6606606606606606,0.0933933933933934
67,0.6706706706706707,0.09329329329329329
68,0.6806806806806807,0.09319319319319319
69,0.6906906906906907,0.0930930930930931
70,0.7007007007007007,0.092992992992993
71,0.7107107107107107,0.0928928928928929
72,0.7207207207207207,0.09279279279279279
73,0.7307307307307307,0.0926926926926927
74,0.7407407407407407,0.0925925925925926
75,0.7507507507507507,0.0924924924924925
76,0.7607607607607607,0.0923923923923924
77,0.7707707707707707,0.0922922922922923
78,0.7807807807807807,0.0921921921921922
79,0.7907907907907907,0.0920920920920921
80,0.8008008008008007,0.091991991991992
81,0.8108108108108109,0.0918918918918919
82,0.8208208208208209,0.0917917917917918
83,0.8308308308308309,0.0916916916916917
84,0.8408408408408409,0.0915915915915916
85,0.8508508508508509,0.0914914914914915
86,0.8608608608608609,0.0913913913913914
87,0.8708708708708709,0.0912912912912913
88,0.8808808808808809,0.09119119119119119
89,0.8908908908908909,0.09109109109109109
90,0.9009009009009009,0.090990990990991
91,0.9109109109109109,0.09089089089089089
92,0.9209209209209209,0.09079079079079079
93,0.9309309309309309,0.09069069069069069
94,0.9409409409409409,0.0905905905905906
95,0.950950950950951,0.0904904904904905
96,0.960960960960961,0.09039039039039039
97,0.970970970970971,0.09029029029029029
98,0.980980980980981,0.0901901901901902
99,0.990990990990991,0.0900900900900901
100,1.001001001001001,0.08998998998999
101,1.011011011011011,0.08988988988988988
102,1.021021021021021,0.0897897897897898
103,1.031031031031031,0.0896896896896897
104,1.0410410410410411,0.0895895895895896
105,1.0510510510510511,0.0894894894894895
106,1.0610610610610611,0.0893893893893894
107,1.0710710710710711,0.0892892892892893
108,1.0810810810810811,0.0891891891891892
109,1.0910910910910911,0.0890890890890891
110,1.1011011011011012,0.08898898898898899
111,1.1111111111111112,0.08888888888888889
112,1.1211211211211212,0.08878878878878879
113,1.1311311311311312,0.08868868868868869
114,1.1411411411411412,0.08858858858858859
115,1.1511511511511512,0.0884884884884885
116,1.1611611611611612,0.08838838838838839
117,1.1711711711711712,0.08828828828828829
118,1.1811811811811812,0.08818818818818819
119,1.1911911911911912,0.0880880880880881
120,1.2012012012012012,0.087987987987988
121,1.2112112112112112,0.08788788788788789
122,1.2212212212212212,0.08778778778778779
123,1.2312312312312312,0.0876876876876877
124,1.2412412412412412,0.0875875875875876
125,1.2512512512512513,0.0874874874874875
126,1.2612612612612613,0.08738738738738738
127,1.2712712712712713,0.0872872872872873
128,1.2812812812812813,0.0871871871871872
129,1.2912912912912913,0.0870870870870871
130,1.3013013013013013,0.086986986986987
131,1.3113113113113113,0.0868868868868869
132,1.3213213213213213,0.0867867867867868
133,1.3313313313313313,0.08668668668668669
134,1.3413413413413413,0.08658658658658659
135,1.3513513513513513,0.08648648648648649
136,1.3613613613613613,0.08638638638638639
137,1.3713713713713713,0.08628628628628629
138,1.3813813813813813,0.08618618618618619
139,1.3913913913913913,0.08608608608608609
140,1.4014014014014013,0.085985985985986
141,1.4114114114114114,0.08588588588588589
142,1.4214214214214214,0.08578578578578579
143,1.4314314314314314,0.08568568568568569
144,1.4414414414414414,0.0855855855855856
145,1.4514514514514514,0.0854854854854855
146,1.4614614614614614,0.08538538538538538
147,1.4714714714714714,0.08528528528528528
148,1.4814814814814814,0.0851851851851852
149,1.4914914914914914,0.0850850850850851
150,1.5015015015015014,0.084984984984985
151,1.5115115115115114,0.08488488488488488
152,1.5215215215215214,0.0847847847847848
153,1.5315315315315314,0.0846846846846847
154,1.5415415415415414,0.0845845845845846
155,1.5515515515515514,0.08448448448448449
156,1.5615615615615615,0.08438438438438439
157,1.5715715715715715,0.08428428428428429
158,1.5815815815815815,0.08418418418418419
159,1.5915915915915915,0.08408408408408409
160,1.6016016016016015,0.08398398398398399
161,1.6116116116116117,0.08388388388388389
162,1.6216216216216217,0.08378378378378379
163,1.6316316316316317,0.08368368368368369
164,1.6416416416416417,0.08358358358358359
165,1.6516516516516517,0.0834834834834835
166,1.6616616616616617,0.08338338338338339
167,1.6716716716716717,0.08328328328328329
168,1.6816816816816818,0.08318318318318318
169,1.6916916916916918,0.08308308308308308
170,1.7017017017017018,0.082982982982983
171,1.7117117117117118,0.08288288288288288
172,1.7217217217217218,0.08278278278278278
173,1.7317317317317318,0.0826826826826827
174,1.7417417417417418,0.08258258258258258
175,1.7517517517517518,0.0824824824824825
176,1.7617617617617618,0.08238238238238238
177,1.7717717717717718,0.08228228228228229
178,1.7817817817817818,0.08218218218218219
179,1.7917917917917918,0.08208208208208208
180,1.8018018018018018,0.08198198198198199
181,1.8118118118118118,0.08188188188188189
182,1.8218218218218218,0.08178178178178179
183,1.8318318318318318,0.08168168168168169
184,1.8418418418418419,0.08158158158158157
185,1.8518518518518519,0.08148148148148149
186,1.8618618618618619,0.08138138138138139
187,1.8718718718718719,0.08128128128128129
188,1.8818818818818819,0.08118118118118119
189,1.8918918918918919,0.08108108108108109
190,1.901901901901902,0.080980980980981
191,1.911911911911912,0.08088088088088088
192,1.921921921921922,0.08078078078078078
193,1.931931931931932,0.08068068068068068
194,1.941941941941942,0.08058058058058058
195,1.951951951951952,0.0804804804804805
196,1.961961961961962,0.08038038038038038
197,1.971971971971972,0.08028028028028028
198,1.981981981981982,0.0801801801801802
199,1.991991991991992,0.08008008008008008
200,2.002002002002002,0.07997997997997998
201,2.012012012012012,0.07987987987987988
202,2.022022022022022,0.07977977977977979
203,2.032032032032032,0.07967967967967969
204,2.042042042042042,0.07957957957957958
205,2.052052052052052,0.07947947947947948
206,2.062062062062062,0.07937937937937939
207,2.0720720720720722,0.07927927927927929
208,2.0820820820820822,0.07917917917917919
209,2.0920920920920922,0.07907907907907907
210,2.1021021021021022,0.07897897897897899
211,2.1121121121121122,0.07887887887887889
212,2.1221221221221223,0.07877877877877879
213,2.1321321321321323,0.07867867867867868
214,2.1421421421421423,0.07857857857857858
215,2.1521521521521523,0.07847847847847848
216,2.1621621621621623,0.07837837837837838
217,2.1721721721721723,0.07827827827827828
218,2.1821821821821823,0.07817817817817818
219,2.1921921921921923,0.07807807807807808
220,2.2022022022022023,0.07797797797797798
221,2.2122122122122123,0.07787787787787788
222,2.2222222222222223,0.07777777777777778
223,2.2322322322322323,0.07767767767767769
224,2.2422422422422423,0.07757757757757758
225,2.2522522522522523,0.07747747747747748
226,2.2622622622622623,0.07737737737737738
227,2.2722722722722724,0.07727727727727729
228,2.2822822822822824,0.07717717717717719
229,2.2922922922922924,0.07707707707707707
230,2.3023023023023024,0.07697697697697697
231,2.3123123123123124,0.07687687687687689
232,2.3223223223223224,0.07677677677677679
233,2.3323323323323324,0.07667667667667669
234,2.3423423423423424,0.07657657657657657
235,2.3523523523523524,0.07647647647647648
236,2.3623623623623624,0.07637637637637638
237,2.3723723723723724,0.07627627627627628
238,2.3823823823823824,0.07617617617617618
239,2.3923923923923924,0.07607607607607608
240,2.4024024024024024,0.07597597597597598
241,2.4124124124124124,0.07587587587587588
242,2.4224224224224224,0.07577577577577578
243,2.4324324324324325,0.07567567567567568
244,2.4424424424424425,0.07557557557557558
245,2.4524524524524525,0.07547547547547548
246,2.4624624624624625,0.07537537537537538
247,2.4724724724724725,0.07527527527527528
248,2.4824824824824825,0.07517517517517519
249,2.4924924924924925,0.07507507507507508
250,2.5025025025025025,0.07497497497497498
251,2.5125125125125125,0.07487487487487487
252,2.5225225225225225,0.07477477477477477
253,2.5325325325325325,0.07467467467467469
254,2.5425425425425425,0.07457457457457457
255,2.5525525525525525,0.07447447447447447
256,2.5625625625625625,0.07437437437437437
257,2.5725725725725725,0.07427427427427429
258,2.5825825825825826,0.07417417417417418
259,2.5925925925925926,0.07407407407407407
260,2.6026026026026026,0.07397397397397397
261,2.6126126126126126,0.07387387387387388
262,2.6226226226226226,0.07377377377377378
263,2.6326326326326326,0.07367367367367368
264,2.6426426426426426,0.07357357357357357
265,2.6526526526526526,0.07347347347347348
266,2.6626626626626626,0.07337337337337338
267,2.6726726726726726,0.07327327327327328
268,2.6826826826826826,0.07317317317317318
269,2.6926926926926926,0.07307307307307308
270,2.7027027027027026,0.07297297297297298
271,2.7127127127127126,0.07287287287287288
272,2.7227227227227226,0.07277277277277278
273,2.7327327327327327,0.07267267267267268
274,2.7427427427427427,0.07257257257257257
275,2.7527527527527527,0.07247247247247247
276,2.7627627627627627,0.07237237237237237
277,2.7727727727727727,0.07227227227227227
278,2.7827827827827827,0.07217217217217219
279,2.7927927927927927,0.07207207207207207
280,2.8028028028028027,0.07197197197197197
281,2.8128128128128127,0.07187187187187187
282,2.8228228228228227,0.07177177177177178
283,2.8328328328328327,0.07167167167167168
284,2.8428428428428427,0.07157157157157157
285,2.8528528528528527,0.07147147147147147
286,2.8628628628628627,0.07137137137137138
287,2.8728728728728727,0.07127127127127128
288,2.8828828828828827,0.07117117117117118
289,2.8928928928928928,0.07107107107107107
290,2.9029029029029028,0.07097097097097098
291,2.9129129129129128,0.07087087087087088
292,2.9229229229229228,0.07077077077077078
293,2.932932932932933,0.07067067067067068
294,2.942942942942943,0.07057057057057058
295,2.952952952952953,0.07047047047047048
296,2.962962962962963,0.07037037037037037
297,2.972972972972973,0.07027027027027027
298,2.982982982982983,0.07017017017017017
299,2.992992992992993,0.07007007007007007
300,3.003003003003003,0.06996996996996997
301,3.013013013013013,0.06986986986986987
302,3.023023023023023,0.06976976976976977
303,3.033033033033033,0.06966966966966968
304,3.043043043043043,0.06956956956956957
305,3.053053053053053,0.06946946946946947
306,3.063063063063063,0.06936936936936937
307,3.073073073073073,0.06926926926926928
308,3.083083083083083,0.06916916916916918
309,3.093093093093093,0.06906906906906907
310,3.103103103103103,0.06896896896896897
311,3.113113113113113,0.06886886886886888
312,3.123123123123123,0.06876876876876878
313,3.133133133133133,0.06866866866866868
314,3.143143143143143,0.06856856856856856
315,3.153153153153153,0.06846846846846848
316,3.163163163163163,0.06836836836836838
317,3.173173173173173,0.06826826826826828
318,3.183183183183183,0.06816816816816818
319,3.193193193193193,0.06806806806806807
320,3.203203203203203,0.06796796796796797
321,3.2132132132132134,0.06786786786786787
322,3.2232232232232234,0.06776776776776776
323,3.2332332332332334,0.06766766766766767
324,3.2432432432432434,0.06756756756756757
325,3.2532532532532534,0.06746746746746747
326,3.2632632632632634,0.06736736736736737
327,3.2732732732732734,0.06726726726726727
328,3.2832832832832834,0.06716716716716717
329,3.2932932932932935,0.06706706706706707
330,3.3033033033033035,0.06696696696696697
331,3.3133133133133135,0.06686686686686687
332,3.3233233233233235,0.06676676676676677
333,3.3333333333333335,0.06666666666666667
334,3.3433433433433435,0.06656656656656657
335,3.3533533533533535,0.06646646646646646
336,3.3633633633633635,0.06636636636636638
337,3.3733733733733735,0.06626626626626626
338,3.3833833833833835,0.06616616616616616
339,3.3933933933933935,0.06606606606606606
340,3.4034034034034035,0.06596596596596598
341,3.4134134134134135,0.06586586586586587
342,3.4234234234234235,0.06576576576576576
343,3.4334334334334335,0.06566566566566566
344,3.4434434434434436,0.06556556556556557
345,3.4534534534534536,0.06546546546546547
346,3.4634634634634636,0.06536536536536537
347,3.4734734734734736,0.06526526526526526
348,3.4834834834834836,0.06516516516516517
349,3.4934934934934936,0.06506506506506507
350,3.5035035035035036,0.06496496496496497
351,3.5135135135135136,0.06486486486486487
352,3.5235235235235236,0.06476476476476477
353,3.5335335335335336,0.06466466466466467
354,3.5435435435435436,0.06456456456456457
355,3.5535535535535536,0.06446446446446447
356,3.5635635635635636,0.06436436436436437
357,3.5735735735735736,0.06426426426426426
358,3.5835835835835836,0.06416416416416416
359,3.5935935935935936,0.06406406406406406
360,3.6036036036036037,0.06396396396396396
361,3.6136136136136137,0.06386386386386388
362,3.6236236236236237,0.06376376376376376
363,3.6336336336336337,0.06366366366366366
364,3.6436436436436437,0.06356356356356356
365,3.6536536536536537,0.06346346346346347
366,3.6636636636636637,0.06336336336336337
367,3.6736736736736737,0.06326326326326326
368,3.6836836836836837,0.06316316316316316
369,3.6936936936936937,0.06306306306306307
370,3.7037037037037037,0.06296296296296297
371,3.7137137137137137,0.06286286286286287
372,3.7237237237237237,0.06276276276276276
373,3.7337337337337337,0.06266266266266267
374,3.7437437437437437,0.06256256256256257
375,3.7537537537537538,0.06246246246246247
376,3.7637637637637638,0.06236236236236237
377,3.7737737737737738,0.06226226226226226
378,3.7837837837837838,0.062162162162162166
379,3.793793793793794,0.062062062062062065
380,3.803803803803804,0.061961961961961964
381,3.813813813813814,0.06186186186186187
382,3.823823823823824,0.06176176176176176
383,3.833833833833834,0.06166166166166166
384,3.843843843843844,0.06156156156156156
385,3.853853853853854,0.06146146146146147
386,3.863863863863864,0.06136136136136137
387,3.873873873873874,0.06126126126126126
388,3.883883883883884,0.06116116116116116
389,3.893893893893894,0.061061061061061066
390,3.903903903903904,0.060960960960960965
391,3.913913913913914,0.06086086086086087
392,3.923923923923924,0.06076076076076076
393,3.933933933933934,0.06066066066066066
394,3.943943943943944,0.06056056056056056
395,3.953953953953954,0.06046046046046047
396,3.963963963963964,0.06036036036036037
397,3.973973973973974,0.06026026026026026
398,3.983983983983984,0.06016016016016016
399,3.993993993993994,0.060060060060060066
400,4.004004004004004,0.05995995995995995
401,4.014014014014014,0.05985985985985986
402,4.024024024024024,0.05975975975975976
403,4.034034034034034,0.059659659659659664
404,4.044044044044044,0.05955955955955956
405,4.054054054054054,0.059459459459459456
406,4.064064064064064,0.059359359359359355
407,4.074074074074074,0.05925925925925926
408,4.084084084084084,0.05915915915915916
409,4.094094094094094,0.05905905905905906
410,4.104104104104104,0.05895895895895895
411,4.114114114114114,0.05885885885885886
412,4.124124124124124,0.05875875875875876
413,4.134134134134134,0.05865865865865866
414,4.1441441441441444,0.058558558558558564
415,4.1541541541541545,0.05845845845845846
416,4.1641641641641645,0.058358358358358356
417,4.1741741741741745,0.058258258258258255
418,4.1841841841841845,0.05815815815815816
419,4.1941941941941945,0.05805805805805806
420,4.2042042042042045,0.05795795795795795
421,4.2142142142142145,0.05785785785785785
422,4.2242242242242245,0.05775775775775776
423,4.2342342342342345,0.05765765765765766
424,4.2442442442442445,0.057557557557557565
425,4.2542542542542545,0.05745745745745745
426,4.2642642642642645,0.05735735735735736
427,4.2742742742742745,0.057257257257257256
428,4.2842842842842845,0.05715715715715716
429,4.2942942942942945,0.05705705705705706
430,4.3043043043043046,0.056956956956956954
431,4.314314314314315,0.056856856856856854
432,4.324324324324325,0.05675675675675676
433,4.334334334334335,0.05665665665665666
434,4.344344344344345,0.05655655655655656
435,4.354354354354355,0.05645645645645645
436,4.364364364364365,0.05635635635635636
437,4.374374374374375,0.05625625625625626
438,4.384384384384385,0.056156156156156156
439,4.394394394394395,0.05605605605605606
440,4.404404404404405,0.055955955955955955
441,4.414414414414415,0.055855855855855854
442,4.424424424424425,0.055755755755755754
443,4.434434434434435,0.05565565565565566
444,4.444444444444445,0.05555555555555556
445,4.454454454454455,0.05545545545545545
446,4.464464464464465,0.05535535535535535
447,4.474474474474475,0.05525525525525526
448,4.484484484484485,0.05515515515515516
449,4.494494494494495,0.05505505505505506
450,4.504504504504505,0.05495495495495495
451,4.514514514514515,0.054854854854854855
452,4.524524524524525,0.054754754754754754
453,4.534534534534535,0.05465465465465466
454,4.544544544544545,0.05455455455455456
455,4.554554554554555,0.05445445445445445
456,4.564564564564565,0.05435435435435435
457,4.574574574574575,0.05425425425425426
458,4.584584584584585,0.05415415415415416
459,4.594594594594595,0.05405405405405406
460,4.604604604604605,0.05395395395395395
461,4.614614614614615,0.053853853853853856
462,4.624624624624625,0.053753753753753755
463,4.634634634634635,0.053653653653653655
464,4.644644644644645,0.05355355355355356
465,4.654654654654655,0.05345345345345345
466,4.664664664664665,0.05335335335335335
467,4.674674674674675,0.05325325325325325
468,4.684684684684685,0.05315315315315316
469,4.694694694694695,0.05305305305305306
470,4.704704704704705,0.05295295295295295
471,4.714714714714715,0.05285285285285285
472,4.724724724724725,0.052752752752752756
473,4.734734734734735,0.052652652652652655
474,4.744744744744745,0.05255255255255256
475,4.754754754754755,0.05245245245245245
476,4.764764764764765,0.05235235235235235
477,4.774774774774775,0.05225225225225225
478,4.784784784784785,0.05215215215215216
479,4.794794794794795,0.05205205205205206
480,4.804804804804805,0.05195195195195195
481,4.814814814814815,0.05185185185185185
482,4.824824824824825,0.05175175175175176
483,4.834834834834835,0.051651651651651656
484,4.844844844844845,0.051551551551551555
485,4.854854854854855,0.05145145145145145
486,4.864864864864865,0.051351351351351354
487,4.874874874874875,0.051251251251251254
488,4.884884884884885,0.05115115115115115
489,4.894894894894895,0.05105105105105106
490,4.904904904904905,0.05095095095095095
491,4.914914914914915,0.05085085085085085
492,4.924924924924925,0.05075075075075075
493,4.934934934934935,0.05065065065065066
494,4.944944944944945,0.050550550550550556
495,4.954954954954955,0.05045045045045045
496,4.964964964964965,0.05035035035035035
497,4.974974974974975,0.050250250250250254
498,4.984984984984985,0.050150150150150154
499,4.994994994994995,0.05005005005005006
500,5.005005005005005,0.049949949949949946
501,5.015015015015015,0.04984984984984985
502,5.025025025025025,0.04974974974974975
503,5.035035035035035,0.04964964964964966
504,5.045045045045045,0.04954954954954956
505,5.055055055055055,0.04944944944944945
506,5.065065065065065,0.04934934934934935
507,5.075075075075075,0.049249249249249255
508,5.085085085085085,0.049149149149149154
509,5.095095095095095,0.049049049049049054
510,5.105105105105105,0.048948948948948946
511,5.115115115115115,0.04884884884884885
512,5.125125125125125,0.04874874874874875
513,5.135135135135135,0.04864864864864865
514,5.145145145145145,0.04854854854854856
515,5.155155155155155,0.04844844844844845
516,5.165165165165165,0.04834834834834835
517,5.175175175175175,0.04824824824824825
518,5.185185185185185,0.048148148148148155
519,5.195195195195195,0.048048048048048055
520,5.205205205205205,0.04794794794794795
521,5.215215215215215,0.047847847847847846
522,5.225225225225225,0.04774774774774775
523,5.235235235235235,0.04764764764764765
524,5.245245245245245,0.04754754754754756
525,5.255255255255255,0.047447447447447444
526,5.265265265265265,0.04734734734734735
527,5.275275275275275,0.04724724724724725
528,5.285285285285285,0.047147147147147156
529,5.295295295295295,0.047047047047047055
530,5.305305305305305,0.04694694694694695
531,5.315315315315315,0.04684684684684685
532,5.325325325325325,0.04674674674674675
533,5.335335335335335,0.04664664664664665
534,5.345345345345345,0.04654654654654655
535,5.355355355355355,0.046446446446446445
536,5.365365365365365,0.04634634634634635
537,5.375375375375375,0.04624624624624625
538,5.385385385385385,0.04614614614614615
539,5.395395395395395,0.046046046046046056
540,5.405405405405405,0.04594594594594595
541,5.415415415415415,0.04584584584584585
542,5.425425425425425,0.04574574574574575
543,5.435435435435435,0.045645645645645654
544,5.445445445445445,0.04554554554554555
545,5.455455455455455,0.045445445445445445
546,5.465465465465465,0.045345345345345345
547,5.475475475475475,0.04524524524524525
548,5.485485485485485,0.04514514514514515
549,5.495495495495495,0.04504504504504506
550,5.505505505505505,0.04494494494494494
551,5.515515515515515,0.04484484484484485
552,5.525525525525525,0.04474474474474475
553,5.535535535535535,0.044644644644644654
554,5.545545545545545,0.044544544544544554
555,5.555555555555555,0.044444444444444446
556,5.565565565565565,0.044344344344344346
557,5.575575575575575,0.04424424424424425
558,5.585585585585585,0.04414414414414415
559,5.595595595595595,0.04404404404404405
560,5.605605605605605,0.04394394394394394
561,5.615615615615615,0.04384384384384385
562,5.625625625625625,0.04374374374374375
563,5.635635635635635,0.04364364364364365
564,5.645645645645645,0.043543543543543554
565,5.655655655655655,0.04344344344344345
566,5.665665665665665,0.043343343343343346
567,5.675675675675675,0.043243243243243246
568,5.685685685685685,0.04314314314314315
569,5.6956956956956954,0.04304304304304305
570,5.7057057057057055,0.042942942942942944
571,5.7157157157157155,0.04284284284284284
572,5.7257257257257255,0.04274274274274275
573,5.7357357357357355,0.04264264264264265
574,5.7457457457457455,0.042542542542542555
575,5.7557557557557555,0.04244244244244244
576,5.7657657657657655,0.04234234234234235
577,5.7757757757757755,0.042242242242242246
578,5.7857857857857855,0.04214214214214215
579,5.7957957957957955,0.04204204204204205
580,5.8058058058058055,0.041941941941941945
581,5.8158158158158155,0.041841841841841844
582,5.8258258258258255,0.04174174174174175
583,5.8358358358358355,0.04164164164164165
584,5.8458458458458455,0.04154154154154155
585,5.8558558558558556,0.04144144144144144
586,5.865865865865866,0.04134134134134135
587,5.875875875875876,0.04124124124124125
588,5.885885885885886,0.041141141141141147
589,5.895895895895896,0.04104104104104105
590,5.905905905905906,0.040940940940940945
591,5.915915915915916,0.040840840840840845
592,5.925925925925926,0.040740740740740744
593,5.935935935935936,0.04064064064064065
594,5.945945945945946,0.04054054054054055
595,5.955955955955956,0.04044044044044044
596,5.965965965965966,0.04034034034034034
597,5.975975975975976,0.04024024024024025
598,5.985985985985986,0.04014014014014015
599,5.995995995995996,0.040040040040040054
600,6.006006006006006,0.03993993993993994
601,6.016016016016016,0.039839839839839845
602,6.026026026026026,0.039739739739739745
603,6.036036036036036,0.03963963963963965
604,6.046046046046046,0.03953953953953955
605,6.056056056056056,0.03943943943943944
606,6.066066066066066,0.03933933933933934
607,6.076076076076076,0.03923923923923925
608,6.086086086086086,0.03913913913913915
609,6.096096096096096,0.03903903903903905
610,6.106106106106106,0.03893893893893894
611,6.116116116116116,0.038838838838838846
612,6.126126126126126,0.038738738738738746
613,6.136136136136136,0.038638638638638645
614,6.146146146146146,0.03853853853853855
615,6.156156156156156,0.038438438438438444
616,6.166166166166166,0.03833833833833834
617,6.176176176176176,0.03823823823823824
618,6.186186186186186,0.03813813813813815
619,6.196196196196196,0.03803803803803805
620,6.206206206206206,0.03793793793793794
621,6.216216216216216,0.03783783783783784
622,6.226226226226226,0.037737737737737746
623,6.236236236236236,0.037637637637637646
624,6.246246246246246,0.03753753753753755
625,6.256256256256256,0.03743743743743744
626,6.266266266266266,0.037337337337337344
627,6.276276276276276,0.03723723723723724
628,6.286286286286286,0.03713713713713714
629,6.296296296296296,0.03703703703703705
630,6.306306306306306,0.03693693693693694
631,6.316316316316316,0.03683683683683684
632,6.326326326326326,0.03673673673673674
633,6.336336336336336,0.036636636636636646
634,6.346346346346346,0.036536536536536546
635,6.356356356356356,0.03643643643643644
636,6.366366366366366,0.03633633633633634
637,6.376376376376376,0.036236236236236244
638,6.386386386386386,0.03613613613613614
639,6.396396396396396,0.03603603603603605
640,6.406406406406406,0.035935935935935935
641,6.416416416416417,0.03583583583583583
642,6.426426426426427,0.035735735735735734
643,6.436436436436437,0.03563563563563563
644,6.446446446446447,0.03553553553553553
645,6.456456456456457,0.03543543543543544
646,6.466466466466467,0.03533533533533533
647,6.476476476476477,0.03523523523523523
648,6.486486486486487,0.03513513513513513
649,6.496496496496497,0.035035035035035036
650,6.506506506506507,0.034934934934934936
651,6.516516516516517,0.03483483483483483
652,6.526526526526527,0.03473473473473473
653,6.536536536536537,0.034634634634634634
654,6.546546546546547,0.03453453453453453
655,6.556556556556557,0.03443443443443444
656,6.566566566566567,0.034334334334334325
657,6.576576576576577,0.03423423423423423
658,6.586586586586587,0.03413413413413413
659,6.596596596596597,0.03403403403403404
660,6.606606606606607,0.03393393393393394
661,6.616616616616617,0.03383383383383383
662,6.626626626626627,0.03373373373373373
663,6.636636636636637,0.033633633633633635
664,6.646646646646647,0.033533533533533534
665,6.656656656656657,0.033433433433433433
666,6.666666666666667,0.033333333333333326
667,6.676676676676677,0.03323323323323323
668,6.686686686686687,0.03313313313313313
669,6.696696696696697,0.03303303303303303
670,6.706706706706707,0.03293293293293294
671,6.716716716716717,0.03283283283283283
672,6.726726726726727,0.03273273273273273
673,6.736736736736737,0.03263263263263263
674,6.746746746746747,0.032532532532532535
675,6.756756756756757,0.032432432432432434
676,6.766766766766767,0.03233233233233233
677,6.776776776776777,0.032232232232232226
678,6.786786786786787,0.03213213213213213
679,6.796796796796797,0.03203203203203203
680,6.806806806806807,0.03193193193193194
681,6.816816816816817,0.031831831831831824
682,6.826826826826827,0.03173173173173173
683,6.836836836836837,0.03163163163163163
684,6.846846846846847,0.031531531531531536
685,6.856856856856857,0.031431431431431435
686,6.866866866866867,0.03133133133133133
687,6.876876876876877,0.031231231231231227
688,6.886886886886887,0.03113113113113113
689,6.896896896896897,0.031031031031031032
690,6.906906906906907,0.030930930930930935
691,6.916916916916917,0.030830830830830824
692,6.926926926926927,0.030730730730730727
693,6.936936936936937,0.03063063063063063
694,6.946946946946947,0.030530530530530533
695,6.956956956956957,0.030430430430430436
696,6.966966966966967,0.030330330330330325
697,6.976976976976977,0.030230230230230228
698,6.986986986986987,0.03013013013013013
699,6.996996996996997,0.030030030030030033
700,7.007007007007007,0.029929929929929933
701,7.017017017017017,0.029829829829829825
702,7.027027027027027,0.029729729729729728
703,7.037037037037037,0.02962962962962963
704,7.047047047047047,0.02952952952952953
705,7.057057057057057,0.029429429429429433
706,7.067067067067067,0.029329329329329325
707,7.077077077077077,0.02922922922922923
708,7.087087087087087,0.029129129129129128
709,7.097097097097097,0.02902902902902903
710,7.107107107107107,0.028928928928928933
711,7.117117117117117,0.028828828828828826
712,7.127127127127127,0.028728728728728725
713,7.137137137137137,0.028628628628628628
714,7.147147147147147,0.02852852852852853
715,7.157157157157157,0.028428428428428434
716,7.167167167167167,0.028328328328328323
717,7.177177177177177,0.028228228228228226
718,7.187187187187187,0.02812812812812813
719,7.197197197197197,0.02802802802802803
720,7.207207207207207,0.027927927927927934
721,7.217217217217217,0.027827827827827823
722,7.227227227227227,0.027727727727727726
723,7.237237237237237,0.02762762762762763
724,7.247247247247247,0.02752752752752753
725,7.257257257257257,0.02742742742742743
726,7.267267267267267,0.027327327327327323
727,7.277277277277277,0.027227227227227226
728,7.287287287287287,0.02712712712712713
729,7.297297297297297,0.02702702702702703
730,7.307307307307307,0.02692692692692693
731,7.317317317317317,0.026826826826826824
732,7.327327327327327,0.026726726726726727
733,7.337337337337337,0.026626626626626626
734,7.347347347347347,0.02652652652652653
735,7.357357357357357,0.026426426426426432
736,7.367367367367367,0.026326326326326324
737,7.377377377377377,0.026226226226226224
738,7.387387387387387,0.026126126126126126
739,7.397397397397397,0.02602602602602603
740,7.407407407407407,0.025925925925925932
741,7.4174174174174174,0.02582582582582582
742,7.4274274274274275,0.025725725725725724
743,7.4374374374374375,0.025625625625625627
744,7.4474474474474475,0.02552552552552553
745,7.4574574574574575,0.025425425425425432
746,7.4674674674674675,0.02532532532532532
747,7.4774774774774775,0.025225225225225224
748,7.4874874874874875,0.025125125125125127
749,7.4974974974974975,0.02502502502502503
750,7.5075075075075075,0.02492492492492493
751,7.5175175175175175,0.024824824824824822
752,7.5275275275275275,0.024724724724724725
753,7.5375375375375375,0.024624624624624628
754,7.5475475475475475,0.024524524524524527
755,7.5575575575575575,0.02442442442442443
756,7.5675675675675675,0.024324324324324322
757,7.5775775775775776,0.024224224224224225
758,7.587587587587588,0.024124124124124124
759,7.597597597597598,0.024024024024024027
760,7.607607607607608,0.02392392392392393
761,7.617617617617618,0.023823823823823823
762,7.627627627627628,0.023723723723723722
763,7.637637637637638,0.023623623623623625
764,7.647647647647648,0.023523523523523528
765,7.657657657657658,0.02342342342342343
766,7.667667667667668,0.02332332332332332
767,7.677677677677678,0.023223223223223222
768,7.687687687687688,0.023123123123123125
769,7.697697697697698,0.023023023023023028
770,7.707707707707708,0.02292292292292293
771,7.717717717717718,0.02282282282282282
772,7.727727727727728,0.022722722722722723
773,7.737737737737738,0.022622622622622626
774,7.747747747747748,0.02252252252252253
775,7.757757757757758,0.022422422422422428
776,7.767767767767768,0.02232232232232232
777,7.777777777777778,0.022222222222222223
778,7.787787787787788,0.022122122122122126
779,7.797797797797798,0.022022022022022025
780,7.807807807807808,0.021921921921921928
781,7.817817817817818,0.02182182182182182
782,7.827827827827828,0.021721721721721723
783,7.837837837837838,0.021621621621621623
784,7.847847847847848,0.021521521521521526
785,7.857857857857858,0.02142142142142143
786,7.867867867867868,0.02132132132132132
787,7.877877877877878,0.02122122122122122
788,7.887887887887888,0.021121121121121123
789,7.897897897897898,0.021021021021021026
790,7.907907907907908,0.02092092092092093
791,7.917917917917918,0.020820820820820818
792,7.927927927927928,0.02072072072072072
793,7.937937937937938,0.020620620620620624
794,7.947947947947948,0.020520520520520526
795,7.957957957957958,0.02042042042042043
796,7.967967967967968,0.020320320320320318
797,7.977977977977978,0.02022022022022022
798,7.987987987987988,0.020120120120120124
799,7.997997997997998,0.020020020020020027
800,8.008008008008009,0.019919919919919916
801,8.018018018018019,0.01981981981981982
802,8.028028028028029,0.01971971971971971
803,8.038038038038039,0.01961961961961961
804,8.048048048048049,0.019519519519519513
805,8.058058058058059,0.019419419419419416
806,8.068068068068069,0.01931931931931932
807,8.078078078078079,0.019219219219219208
808,8.088088088088089,0.01911911911911911
809,8.098098098098099,0.019019019019019014
810,8.108108108108109,0.018918918918918916
811,8.118118118118119,0.01881881881881882
812,8.128128128128129,0.01871871871871871
813,8.138138138138139,0.01861861861861861
814,8.148148148148149,0.018518518518518514
815,8.158158158158159,0.018418418418418413
816,8.168168168168169,0.018318318318318316
817,8.178178178178179,0.01821821821821821
818,8.188188188188189,0.01811811811811811
819,8.198198198198199,0.01801801801801801
820,8.208208208208209,0.017917917917917914
821,8.218218218218219,0.017817817817817817
822,8.228228228228229,0.01771771771771771
823,8.238238238238239,0.01761761761761761
824,8.248248248248249,0.01751751751751751
825,8.258258258258259,0.017417417417417414
826,8.268268268268269,0.017317317317317317
827,8.278278278278279,0.017217217217217206
828,8.288288288288289,0.01711711711711711
829,8.298298298298299,0.01701701701701701
830,8.308308308308309,0.016916916916916915
831,8.318318318318319,0.016816816816816817
832,8.328328328328329,0.016716716716716706
833,8.338338338338339,0.01661661661661661
834,8.348348348348349,0.016516516516516512
835,8.358358358358359,0.016416416416416415
836,8.368368368368369,0.016316316316316314
837,8.378378378378379,0.016216216216216207
838,8.388388388388389,0.01611611611611611
839,8.398398398398399,0.016016016016016012
840,8.408408408408409,0.015915915915915912
841,8.418418418418419,0.015815815815815815
842,8.428428428428429,0.015715715715715707
843,8.438438438438439,0.015615615615615608
844,8.448448448448449,0.015515515515515511
845,8.458458458458459,0.015415415415415412
846,8.468468468468469,0.015315315315315315
847,8.478478478478479,0.015215215215215206
848,8.488488488488489,0.015115115115115109
849,8.498498498498499,0.01501501501501501
850,8.508508508508509,0.014914914914914913
851,8.518518518518519,0.014814814814814815
852,8.528528528528529,0.014714714714714706
853,8.538538538538539,0.014614614614614607
854,8.548548548548549,0.01451451451451451
855,8.558558558558559,0.014414414414414413
856,8.568568568568569,0.014314314314314314
857,8.578578578578579,0.014214214214214205
858,8.588588588588589,0.014114114114114108
859,8.598598598598599,0.01401401401401401
860,8.608608608608609,0.013913913913913912
861,8.618618618618619,0.013813813813813814
862,8.62862862862863,0.013713713713713705
863,8.63863863863864,0.013613613613613608
864,8.64864864864865,0.013513513513513509
865,8.65865865865866,0.013413413413413412
866,8.66866866866867,0.013313313313313313
867,8.67867867867868,0.013213213213213205
868,8.68868868868869,0.013113113113113107
869,8.6986986986987,0.01301301301301301
870,8.70870870870871,0.01291291291291291
871,8.71871871871872,0.012812812812812813
872,8.72872872872873,0.012712712712712704
873,8.73873873873874,0.012612612612612607
874,8.74874874874875,0.012512512512512508
875,8.75875875875876,0.012412412412412411
876,8.76876876876877,0.012312312312312314
877,8.77877877877878,0.012212212212212204
878,8.78878878878879,0.012112112112112106
879,8.7987987987988,0.012012012012012008
880,8.80880880880881,0.011911911911911911
881,8.81881881881882,0.011811811811811812
882,8.82882882882883,0.011711711711711703
883,8.83883883883884,0.011611611611611606
884,8.84884884884885,0.011511511511511509
885,8.85885885885886,0.01141141141141141
886,8.86886886886887,0.011311311311311313
887,8.87887887887888,0.011211211211211203
888,8.88888888888889,0.011111111111111106
889,8.8988988988989,0.011011011011011007
890,8.90890890890891,0.01091091091091091
891,8.91891891891892,0.010810810810810811
892,8.92892892892893,0.010710710710710704
893,8.93893893893894,0.010610610610610605
894,8.94894894894895,0.010510510510510508
895,8.95895895895896,0.010410410410410409
896,8.96896896896897,0.010310310310310312
897,8.97897897897898,0.010210210210210202
898,8.98898898898899,0.010110110110110105
899,8.998998998999,0.010010010010010006
900,9.00900900900901,0.00990990990990991
901,9.01901901901902,0.009809809809809812
902,9.02902902902903,0.009709709709709703
903,9.03903903903904,0.009609609609609604
904,9.04904904904905,0.009509509509509507
905,9.05905905905906,0.00940940940940941
906,9.06906906906907,0.00930930930930931
907,9.07907907907908,0.009209209209209201
908,9.08908908908909,0.009109109109109104
909,9.0990990990991,0.009009009009009005
910,9.10910910910911,0.008908908908908908
911,9.11911911911912,0.008808808808808811
912,9.12912912912913,0.008708708708708702
913,9.13913913913914,0.008608608608608603
914,9.14914914914915,0.008508508508508506
915,9.15915915915916,0.008408408408408409
916,9.16916916916917,0.00830830830830831
917,9.17917917917918,0.0082082082082082
918,9.18918918918919,0.008108108108108103
919,9.1991991991992,0.008008008008008006
920,9.20920920920921,0.007907907907907907
921,9.21921921921922,0.00780780780780781
922,9.22922922922923,0.007707707707707701
923,9.23923923923924,0.007607607607607603
924,9.24924924924925,0.007507507507507505
925,9.25925925925926,0.007407407407407408
926,9.26926926926927,0.00730730730730731
927,9.27927927927928,0.0072072072072072
928,9.28928928928929,0.007107107107107102
929,9.2992992992993,0.007007007007007005
930,9.30930930930931,0.006906906906906907
931,9.31931931931932,0.006806806806806809
932,9.32932932932933,0.0067067067067067
933,9.33933933933934,0.006606606606606603
934,9.34934934934935,0.006506506506506505
935,9.35935935935936,0.006406406406406407
936,9.36936936936937,0.006306306306306309
937,9.37937937937938,0.0062062062062062
938,9.38938938938939,0.006106106106106102
939,9.3993993993994,0.006006006006006004
940,9.40940940940941,0.005905905905905906
941,9.41941941941942,0.005805805805805808
942,9.42942942942943,0.0057057057057057
943,9.43943943943944,0.005605605605605602
944,9.44944944944945,0.005505505505505504
945,9.45945945945946,0.005405405405405406
946,9.46946946946947,0.0053053053053053086
947,9.47947947947948,0.005205205205205199
948,9.48948948948949,0.005105105105105101
949,9.4994994994995,0.005005005005005003
950,9.50950950950951,0.004904904904904906
951,9.51951951951952,0.004804804804804808
952,9.52952952952953,0.004704704704704699
953,9.53953953953954,0.004604604604604601
954,9.54954954954955,0.004504504504504503
955,9.55955955955956,0.004404404404404406
956,9.56956956956957,0.0043043043043043076
957,9.57957957957958,0.004204204204204198
958,9.58958958958959,0.0041041041041041
959,9.5995995995996,0.004004004004004003
960,9.60960960960961,0.003903903903903905
961,9.61961961961962,0.003803803803803807
962,9.62962962962963,0.003703703703703698
963,9.63963963963964,0.0036036036036036
964,9.64964964964965,0.0035035035035035026
965,9.65965965965966,0.0034034034034034046
966,9.66966966966967,0.0033033033033033066
967,9.67967967967968,0.0032032032032031977
968,9.68968968968969,0.0031031031031031
969,9.6996996996997,0.003003003003003002
970,9.70970970970971,0.002902902902902904
971,9.71971971971972,0.0028028028028028065
972,9.72972972972973,0.0027027027027026976
973,9.73973973973974,0.0026026026026025996
974,9.74974974974975,0.0025025025025025016
975,9.75975975975976,0.002402402402402404
976,9.76976976976977,0.002302302302302306
977,9.77977977977978,0.002202202202202197
978,9.78978978978979,0.002102102102102099
979,9.7997997997998,0.0020020020020020016
980,9.80980980980981,0.0019019019019019035
981,9.81981981981982,0.0018018018018018057
982,9.82982982982983,0.0017017017017016967
983,9.83983983983984,0.0016016016016015989
984,9.84984984984985,0.001501501501501501
985,9.85985985985986,0.0014014014014014033
986,9.86986986986987,0.0013013013013013055
987,9.87987987987988,0.0012012012012011964
988,9.88988988988989,0.0011011011011010986
989,9.8998998998999,0.0010010010010010008
990,9.90990990990991,0.0009009009009009029
991,9.91991991991992,0.000800800800800805
992,9.92992992992993,0.0007007007007006961
993,9.93993993993994,0.0006006006006005982
994,9.94994994994995,0.0005005005005005004
995,9.95995995995996,0.0004004004004004025
996,9.96996996996997,0.0003003003003003047
997,9.97997997997998,0.0002002002002001957
998,9.98998998998999,0.00010010010010009785
999,10.0,0.0
